<?xml version="1.0" encoding="UTF-8" standalone="yes"?>

<addon id="script.bike.trainer"
       name="Bike Trainer KODI Plugin"
       version="1.0"
       provider-name="Siddharth Agarwala">
       
  <requires>
	<import addon="xbmc.python" version="2.25.0"/>
  </requires>
  
  <extension point="xbmc.python.script" library="default.py">
    <provides>executable</provides>
  </extension>
  
  <extension point="xbmc.addon.metadata">
    <platform>all</platform>
    <summary lang="en">A script that runs in the background or KODI to interact with a Bike</summary>
    <description lang="en">Can turn on and power off your TV.</description>
  </extension>
  
</addon>
